order_id,purchase_ts,ship_ts,delivery_ts,refund_ts
f4de38506b644875,14/06/2019,17/01/2019,24/01/2019,
b4c207745b66560,14/01/2019,17/01/2019,24/01/2019,
1827100b8739918,14/01/2019,17/01/2019,24/01/2019,
1827100b8739919,14/01/2019,17/01/2019,24/01/2019,
c2042ec50b513696,14/01/2019,17/01/2019,24/01/2019,
0e4e4f5c65834015,14/01/2019,15/01/2019,24/01/2019,
0e4e4f5c65834016,14/01/2019,15/01/2019,24/01/2019,
751b1b13aa337395,14/01/2019,15/01/2019,24/01/2019,
847ab4427f440919,14/01/2019,16/01/2019,24/01/2019,
569a719a90449622,14/01/2019,16/01/2019,24/01/2019,
a7713c3c28656958,14/01/2019,15/01/2019,24/01/2019,
a7713c3c28656959,14/01/2019,15/01/2019,24/01/2019,
02450d0f2c966003,14/01/2019,15/01/2019,24/01/2019,
457ae03a06770607,14/01/2019,17/01/2019,24/01/2019,
9507291a30887922,14/01/2019,17/01/2019,24/01/2019,12/01/2021
a6b24f3aa41320,15/01/2019,18/01/2019,24/01/2019,
6850af776ac21109,15/01/2019,18/01/2019,24/01/2019,
068c4977bbd39481,15/01/2019,17/01/2019,24/01/2019,
068c4977bbd39482,15/01/2019,17/01/2019,24/01/2019,
aab753f0fd642337,15/01/2019,18/01/2019,24/01/2019,01/03/2021
08e24ac6b1c75563,15/01/2019,17/01/2019,24/01/2019,
d465f4446a478539,15/01/2019,18/01/2019,24/01/2019,
d465f4446a478540,15/01/2019,18/01/2019,24/01/2019,
7f6c0e98bb293932,15/01/2019,16/01/2019,24/01/2019,
b386ad8565e97889,15/01/2019,16/01/2019,24/01/2019,
9a345e655702778,16/01/2019,17/01/2019,24/01/2019,
0c05b029d4517228,16/01/2019,19/01/2019,24/01/2019,
b6485bfd8fa92780,16/01/2019,19/01/2019,24/01/2019,
a569296b13196187,16/01/2019,18/01/2019,24/01/2019,
c9b502434b1108033,16/01/2019,19/01/2019,24/01/2019,
c9b502434b1108034,16/01/2019,19/01/2019,24/01/2019,
27dec353e6e3382,17/01/2019,20/01/2019,24/01/2019,
50ae037d17847984,17/01/2019,20/01/2019,24/01/2019,
c4c25fc251f101782,17/01/2019,18/01/2019,24/01/2019,
84e04484dbb612,18/01/2019,19/01/2019,24/01/2019,
22a086567264985,18/01/2019,21/01/2019,24/01/2019,
24c645d1b0443249,18/01/2019,21/01/2019,24/01/2019,
dca5c245daa57187,18/01/2019,19/01/2019,24/01/2019,
dca5c245daa57188,18/01/2019,19/01/2019,24/01/2019,
1d4a2ef638268414,18/01/2019,20/01/2019,24/01/2019,
6655587b01e77616,18/01/2019,19/01/2019,24/01/2019,
c04ac9b8edd104122,18/01/2019,21/01/2019,24/01/2019,
49c700f9ac2104587,18/01/2019,19/01/2019,24/01/2019,
49c700f9ac2104588,18/01/2019,19/01/2019,24/01/2019,
d6209a1f36b14064,19/01/2019,20/01/2019,24/01/2019,
d6209a1f36b14065,19/01/2019,20/01/2019,24/01/2019,
0fc60e2868823726,19/01/2019,21/01/2019,24/01/2019,
0fc60e2868823727,19/01/2019,21/01/2019,24/01/2019,
3c72bdffbcc31944,19/01/2019,22/01/2019,24/01/2019,
3c72bdffbcc31945,19/01/2019,22/01/2019,24/01/2019,
9cd0852399968743,19/01/2019,21/01/2019,24/01/2019,28/12/2020
9cd0852399968744,19/01/2019,21/01/2019,24/01/2019,28/12/2020
2196748e31d77133,19/01/2019,22/01/2019,24/01/2019,
33312f8779480008,19/01/2019,22/01/2019,24/01/2019,
8c6c27ea8f989775,19/01/2019,20/01/2019,24/01/2019,
8c6c27ea8f989776,19/01/2019,20/01/2019,24/01/2019,
085ad2ed28b5836,27/09/2019,29/09/2019,07/10/2019,
50fe0c49c3b26843,27/09/2019,30/09/2019,07/10/2019,
1bf7036d39836726,27/09/2019,29/09/2019,07/10/2019,
581a264022f45042,27/09/2019,28/09/2019,07/10/2019,
581a264022f45043,27/09/2019,28/09/2019,07/10/2019,
581a264022f45044,27/09/2019,28/09/2019,07/10/2019,
81465f403c646183,27/09/2019,29/09/2019,07/10/2019,
c671356ecce96312,27/09/2019,28/09/2019,07/10/2019,
c671356ecce96313,27/09/2019,28/09/2019,07/10/2019,
7234cb86b399952,28/09/2019,01/10/2019,07/10/2019,
7234cb86b399953,28/09/2019,01/10/2019,07/10/2019,
78140c94c4a11342,28/09/2019,01/10/2019,07/10/2019,
c605105e1d354185,28/09/2019,29/09/2019,07/10/2019,
c605105e1d354186,28/09/2019,29/09/2019,07/10/2019,
ad2ceb59a2863884,28/09/2019,29/09/2019,07/10/2019,
ad2ceb59a2863885,28/09/2019,29/09/2019,07/10/2019,
6f82cb113d383395,28/09/2019,30/09/2019,07/10/2019,
6f82cb113d383396,28/09/2019,30/09/2019,07/10/2019,
03de0bcad732419,29/09/2019,01/10/2019,07/10/2019,
064be03fd6222033,29/09/2019,30/09/2019,07/10/2019,17/09/2021
064be03fd6222034,29/09/2019,30/09/2019,07/10/2019,17/09/2021
820531ae30a30318,29/09/2019,02/10/2019,07/10/2019,
820531ae30a30319,29/09/2019,02/10/2019,07/10/2019,
56232c9497351592,29/09/2019,30/09/2019,07/10/2019,
b93da33940264430,29/09/2019,02/10/2019,07/10/2019,
1107640138781456,29/09/2019,30/09/2019,07/10/2019,
1107640138781457,29/09/2019,30/09/2019,07/10/2019,
90e02d1e81583719,29/09/2019,01/10/2019,07/10/2019,
48f937d5c1f28439,30/09/2019,03/10/2019,07/10/2019,
f90aadb9fa429948,30/09/2019,03/10/2019,07/10/2019,
f90aadb9fa429949,30/09/2019,03/10/2019,07/10/2019,
9adcb14601539622,30/09/2019,03/10/2019,07/10/2019,
707ab14df3b57350,30/09/2019,01/10/2019,07/10/2019,19/08/2021
707ab14df3b57351,30/09/2019,01/10/2019,07/10/2019,19/08/2021
3e0ccda1c2762627,30/09/2019,01/10/2019,07/10/2019,
3e0ccda1c2762628,30/09/2019,01/10/2019,07/10/2019,
0ee3c5e058372568,30/09/2019,02/10/2019,07/10/2019,
e2c89016f1a74703,30/09/2019,03/10/2019,07/10/2019,
e2c89016f1a74704,30/09/2019,03/10/2019,07/10/2019,
a0540cd331480306,30/09/2019,03/10/2019,07/10/2019,
a0540cd331480307,30/09/2019,03/10/2019,07/10/2019,
e0f0cbdd5f2100852,30/09/2019,01/10/2019,07/10/2019,
6fb6d0468fc25439,01/10/2019,02/10/2019,07/10/2019,
f7f89dce85631792,01/10/2019,02/10/2019,07/10/2019,23/11/2021
f7f89dce85631793,01/10/2019,02/10/2019,07/10/2019,23/11/2021
0affedbac0543289,01/10/2019,02/10/2019,07/10/2019,
753b06192a647715,01/10/2019,03/10/2019,07/10/2019,
704bfa6ff4052129,01/10/2019,02/10/2019,07/10/2019,
0786204dd2b55717,01/10/2019,04/10/2019,07/10/2019,
b614af2f56365333,01/10/2019,04/10/2019,07/10/2019,
4035a2f6aa7103842,01/10/2019,03/10/2019,07/10/2019,
bba4cba94305303,02/10/2019,03/10/2019,07/10/2019,
bba4cba94305304,02/10/2019,03/10/2019,07/10/2019,
417eda00b2416888,02/10/2019,03/10/2019,07/10/2019,
e6cf7b75b2039096,02/10/2019,05/10/2019,07/10/2019,
a4398d419fe57558,02/10/2019,05/10/2019,07/10/2019,
f12b75d3ac862568,02/10/2019,04/10/2019,07/10/2019,
fe915fadbee7980,09/06/2020,12/06/2020,19/06/2020,
ad9b3241e8712922,09/06/2020,10/06/2020,19/06/2020,
b488c005cbe16874,09/06/2020,10/06/2020,19/06/2020,
1d7aa151d5c21889,09/06/2020,11/06/2020,19/06/2020,19/07/2022
44cb4e65d9833244,09/06/2020,10/06/2020,19/06/2020,
4ab1d496f5033895,09/06/2020,11/06/2020,19/06/2020,
a5ef9025dfb36783,09/06/2020,10/06/2020,19/06/2020,
67fed0e866342212,09/06/2020,10/06/2020,19/06/2020,
da8488a35e445559,09/06/2020,11/06/2020,19/06/2020,
d5e140bc3af57335,09/06/2020,11/06/2020,19/06/2020,
9859066d91659518,09/06/2020,10/06/2020,19/06/2020,
ba8919a708d68916,09/06/2020,12/06/2020,19/06/2020,06/07/2022
7ba8072184569777,09/06/2020,10/06/2020,19/06/2020,
39f391444f974156,09/06/2020,11/06/2020,19/06/2020,
e2058b84c2184550,09/06/2020,11/06/2020,19/06/2020,
9f6151d6e6a88174,09/06/2020,12/06/2020,19/06/2020,
5a48091bc2688571,09/06/2020,12/06/2020,19/06/2020,
d084002386792835,09/06/2020,11/06/2020,19/06/2020,
578d5f0c83297398,09/06/2020,11/06/2020,19/06/2020,
5b3e45baaaa417,10/06/2020,13/06/2020,19/06/2020,
3da09d5f7d07518,10/06/2020,11/06/2020,19/06/2020,
55e77bf6dc912465,10/06/2020,12/06/2020,19/06/2020,
262e4a5357819946,10/06/2020,13/06/2020,19/06/2020,
97e69ee7acc20285,10/06/2020,11/06/2020,19/06/2020,
137fd3a838c20335,10/06/2020,12/06/2020,19/06/2020,
132d19da3ff23045,10/06/2020,12/06/2020,19/06/2020,21/06/2022
38f56464a1f26052,10/06/2020,12/06/2020,19/06/2020,
30a9daa19c334259,10/06/2020,13/06/2020,19/06/2020,
12ba46b0f2e34729,10/06/2020,11/06/2020,19/06/2020,
fd04c4bc61e51579,10/06/2020,11/06/2020,19/06/2020,
8ebedf1c05053689,10/06/2020,12/06/2020,19/06/2020,
b7aa3894bb257952,10/06/2020,13/06/2020,19/06/2020,23/06/2022
1ad0b2ea64e74586,10/06/2020,11/06/2020,19/06/2020,08/06/2022
b9feffb1f6177085,10/06/2020,13/06/2020,19/06/2020,
fd197dccce179908,10/06/2020,11/06/2020,19/06/2020,
1fb092cf10e9017,11/06/2020,14/06/2020,19/06/2020,
62856e1cfaa10910,11/06/2020,14/06/2020,19/06/2020,
aaad0e721d223546,11/06/2020,13/06/2020,19/06/2020,
966a207258526033,11/06/2020,12/06/2020,19/06/2020,
41871a581f629421,11/06/2020,12/06/2020,19/06/2020,
d172ab8259c30277,11/06/2020,13/06/2020,19/06/2020,
c25f5ad582c34225,11/06/2020,12/06/2020,19/06/2020,
081f9466c2240898,11/06/2020,14/06/2020,19/06/2020,
173a86133b868734,11/06/2020,13/06/2020,19/06/2020,
f4ec38b93d591189,11/06/2020,12/06/2020,19/06/2020,18/07/2022
83e27ee93be93501,11/06/2020,13/06/2020,19/06/2020,
63ac904514498449,11/06/2020,14/06/2020,19/06/2020,
22bba24489c102550,11/06/2020,13/06/2020,19/06/2020,12/05/2022
7c3094f1ee1106288,11/06/2020,12/06/2020,19/06/2020,
1d83988eab26999,12/06/2020,14/06/2020,19/06/2020,
c2dec5fc42824246,12/06/2020,14/06/2020,19/06/2020,
8d6c3df792c26878,12/06/2020,15/06/2020,19/06/2020,13/05/2022
fb3ed27634834328,12/06/2020,13/06/2020,19/06/2020,08/08/2022
c91cb609b6440880,12/06/2020,14/06/2020,19/06/2020,
da9a162a4b445926,12/06/2020,14/06/2020,19/06/2020,
b9ffdaee84847145,12/06/2020,15/06/2020,19/06/2020,
1fbb5c2034554730,12/06/2020,14/06/2020,19/06/2020,
b0a894f29dc67499,12/06/2020,14/06/2020,19/06/2020,25/06/2022
bb89e4f541c68139,12/06/2020,13/06/2020,19/06/2020,
bd19ed3e4d672410,12/06/2020,13/06/2020,19/06/2020,
7c631ca4c0f75359,12/06/2020,14/06/2020,19/06/2020,22/05/2022
b48c6f9d05781233,12/06/2020,14/06/2020,19/06/2020,
06e7d452a7186895,12/06/2020,15/06/2020,19/06/2020,
0e21b3557c887862,12/06/2020,13/06/2020,19/06/2020,
634ce005e2d90943,12/06/2020,13/06/2020,19/06/2020,
07374e17b572799,13/06/2020,16/06/2020,19/06/2020,
d84e24016b86639,13/06/2020,15/06/2020,19/06/2020,
5e433ffcc4211911,13/06/2020,16/06/2020,19/06/2020,
7d530e89e0212354,13/06/2020,16/06/2020,19/06/2020,
52a2d35f4e918040,13/06/2020,16/06/2020,19/06/2020,
37a32ac30f633167,13/06/2020,16/06/2020,19/06/2020,
af7f141f7b435335,13/06/2020,14/06/2020,19/06/2020,
c51c8fa987b40101,13/06/2020,15/06/2020,19/06/2020,
d992bb4549041417,13/06/2020,15/06/2020,19/06/2020,
103bc481ff863132,13/06/2020,16/06/2020,19/06/2020,
a33b42b4d6783198,13/06/2020,14/06/2020,19/06/2020,
30e510fb44b85310,13/06/2020,14/06/2020,19/06/2020,
46a950780f2103950,13/06/2020,16/06/2020,19/06/2020,
f2785926a4311145,14/06/2020,15/06/2020,19/06/2020,
8b6524e829921494,14/06/2020,16/06/2020,19/06/2020,
c63124129e534404,14/06/2020,17/06/2020,19/06/2020,
1b274eb08f441645,14/06/2020,15/06/2020,19/06/2020,
5f2a3f48bfe46046,14/06/2020,15/06/2020,19/06/2020,
8b791991ef448503,14/06/2020,15/06/2020,19/06/2020,
ac37e717f8761027,14/06/2020,17/06/2020,19/06/2020,
1e1038acbcd61284,14/06/2020,15/06/2020,19/06/2020,
51221d610f568946,14/06/2020,15/06/2020,19/06/2020,
0f57eab557774486,14/06/2020,15/06/2020,19/06/2020,
8d9566e5fbc78482,14/06/2020,17/06/2020,19/06/2020,09/08/2022
c477da4eed982185,14/06/2020,16/06/2020,19/06/2020,
e14c841946482562,14/06/2020,16/06/2020,19/06/2020,
b387945371284843,14/06/2020,16/06/2020,19/06/2020,
0f190082dcd107098,14/06/2020,16/06/2020,19/06/2020,
a6fa8985f5e5144,20/02/2021,23/02/2021,02/03/2021,
7e5f79c83bb23188,20/02/2021,23/02/2021,02/03/2021,
89757af66dd27542,20/02/2021,21/02/2021,02/03/2021,
3f53f2543c831826,20/02/2021,21/02/2021,02/03/2021,
9040a4b048448017,20/02/2021,22/02/2021,02/03/2021,21/04/2023
3e62fd83f4550314,20/02/2021,23/02/2021,02/03/2021,
b3234725f1357273,20/02/2021,22/02/2021,02/03/2021,
0208af0e14670175,20/02/2021,22/02/2021,02/03/2021,
04db7844d1077141,20/02/2021,21/02/2021,02/03/2021,
25641bed9d178009,20/02/2021,22/02/2021,02/03/2021,
1.4432326E+3995372,20/02/2021,21/02/2021,02/03/2021,
f15b0056058103941,20/02/2021,23/02/2021,02/03/2021,
2e8c22ac9a411090,21/02/2021,23/02/2021,02/03/2021,
d05df0e558231114,21/02/2021,24/02/2021,02/03/2021,
1fc02ac72c640160,21/02/2021,23/02/2021,02/03/2021,
b2db4db93c744726,21/02/2021,23/02/2021,02/03/2021,
08a2fd2b43856951,21/02/2021,22/02/2021,02/03/2021,
9ef8401e84562768,21/02/2021,24/02/2021,02/03/2021,31/03/2023
6cc1a69fc3872198,21/02/2021,24/02/2021,02/03/2021,
bb05729576974570,21/02/2021,23/02/2021,02/03/2021,
bd9403d2a7c78083,21/02/2021,22/02/2021,02/03/2021,
ffd7c97627783336,21/02/2021,22/02/2021,02/03/2021,
1156d13425084558,21/02/2021,23/02/2021,02/03/2021,
7214cc665e21922,22/02/2021,25/02/2021,02/03/2021,
342af4fe8445555,22/02/2021,23/02/2021,02/03/2021,
e19e3c08bc612414,22/02/2021,23/02/2021,02/03/2021,
202f23154b422730,22/02/2021,25/02/2021,02/03/2021,
62ea4450d5425276,22/02/2021,25/02/2021,02/03/2021,
660bc98117926399,22/02/2021,24/02/2021,02/03/2021,
3f203d7159831219,22/02/2021,25/02/2021,02/03/2021,
fecc9d6766231653,22/02/2021,25/02/2021,02/03/2021,
1bb4e64680c34182,22/02/2021,23/02/2021,02/03/2021,
a001e80d47846981,22/02/2021,23/02/2021,02/03/2021,
c99901c1d8853987,22/02/2021,24/02/2021,02/03/2021,
600a9cf3c5c55381,22/02/2021,24/02/2021,02/03/2021,
b3ba244f69967759,22/02/2021,25/02/2021,02/03/2021,
0c37152e2a370220,22/02/2021,23/02/2021,02/03/2021,
fc8be55a24894787,22/02/2021,23/02/2021,02/03/2021,
8ede9a09c1895781,22/02/2021,24/02/2021,02/03/2021,11/04/2023
962f3a904c3102902,22/02/2021,23/02/2021,02/03/2021,
f06bb734f6f3001,23/02/2021,24/02/2021,02/03/2021,
c21c6e6eded5140,23/02/2021,25/02/2021,02/03/2021,
7ce287fbfc57637,23/02/2021,24/02/2021,02/03/2021,
9a5c9f078ce9214,23/02/2021,26/02/2021,02/03/2021,
f5f80c4c4f511462,23/02/2021,25/02/2021,02/03/2021,
a5f65980ff432187,23/02/2021,26/02/2021,02/03/2021,
41e96bf6f4f35296,23/02/2021,24/02/2021,02/03/2021,
2afe56afcec57959,23/02/2021,25/02/2021,02/03/2021,
63503b9939460415,23/02/2021,25/02/2021,02/03/2021,
d9c2f5bb85067103,23/02/2021,25/02/2021,02/03/2021,
528b605847588735,23/02/2021,25/02/2021,02/03/2021,
fede5c24b0797422,23/02/2021,25/02/2021,02/03/2021,
6cc0f94a3f898083,23/02/2021,25/02/2021,02/03/2021,
f9c97c4485b100633,23/02/2021,26/02/2021,02/03/2021,
bfa49bdebb82257,24/02/2021,26/02/2021,02/03/2021,
d11f547dcf19057,24/02/2021,26/02/2021,02/03/2021,
6bc39af205311363,24/02/2021,27/02/2021,02/03/2021,
971a95c10ed12790,24/02/2021,25/02/2021,02/03/2021,
3339119adde18022,24/02/2021,25/02/2021,02/03/2021,
06b60ad677929013,24/02/2021,26/02/2021,02/03/2021,
b696ee4af9944920,24/02/2021,27/02/2021,02/03/2021,
da2f9943e3345213,24/02/2021,25/02/2021,02/03/2021,
ec1196ab94d45317,24/02/2021,26/02/2021,02/03/2021,
1fe4d1eb37d48011,24/02/2021,25/02/2021,02/03/2021,
f82546fbac851208,24/02/2021,26/02/2021,02/03/2021,
c79266acbcb60555,24/02/2021,27/02/2021,02/03/2021,
721b21160a664234,24/02/2021,26/02/2021,02/03/2021,
ebf67b1104273075,24/02/2021,27/02/2021,02/03/2021,
21a61c88f7181510,24/02/2021,26/02/2021,02/03/2021,
815e12204b383345,24/02/2021,27/02/2021,02/03/2021,
9aedd41072596994,24/02/2021,26/02/2021,02/03/2021,
fa1546f853a19425,25/02/2021,28/02/2021,02/03/2021,
e1d5bc0bcab20183,25/02/2021,28/02/2021,02/03/2021,03/02/2023
e2450fe289920733,25/02/2021,26/02/2021,02/03/2021,
f5b481bbb3265810,25/02/2021,28/02/2021,02/03/2021,
943c3a5ed8c80750,25/02/2021,26/02/2021,02/03/2021,15/04/2023
9b466a03479105212,25/02/2021,28/02/2021,02/03/2021,
ba363e2c9b06116,03/11/2021,05/11/2021,13/11/2021,
3dd3b3706da11680,03/11/2021,06/11/2021,13/11/2021,
d9d6f0f6fad17700,03/11/2021,05/11/2021,13/11/2021,
a68b33a03ac27643,03/11/2021,06/11/2021,13/11/2021,
580dc5e3c6f34474,03/11/2021,05/11/2021,13/11/2021,
d54bbe4461d43941,03/11/2021,06/11/2021,13/11/2021,
b067a5a27c746041,03/11/2021,06/11/2021,13/11/2021,
8f8fe2a35a648370,03/11/2021,06/11/2021,13/11/2021,
e1391d55d8848727,03/11/2021,05/11/2021,13/11/2021,
9742c2f26f952559,03/11/2021,05/11/2021,13/11/2021,
c4cba8f696854584,03/11/2021,06/11/2021,13/11/2021,
119cbc96d5b76721,03/11/2021,06/11/2021,13/11/2021,
6c42bda013185170,03/11/2021,06/11/2021,13/11/2021,
31bc98d890387992,03/11/2021,04/11/2021,13/11/2021,
fbcffb451ca90762,03/11/2021,05/11/2021,13/11/2021,
b4d0c0944fe92361,03/11/2021,06/11/2021,13/11/2021,
0b5d215aba213276,04/11/2021,07/11/2021,13/11/2021,
d64f98b94ab27514,04/11/2021,06/11/2021,13/11/2021,
26e5bbbbc8431010,04/11/2021,07/11/2021,13/11/2021,
563e6e9d7be31387,04/11/2021,05/11/2021,13/11/2021,
8d2312ea24942490,04/11/2021,07/11/2021,13/11/2021,
eb973f9fb2445489,04/11/2021,05/11/2021,13/11/2021,
61b2fea48ce55601,04/11/2021,05/11/2021,13/11/2021,
37bec37cf0f64598,04/11/2021,05/11/2021,13/11/2021,
66a6dba1e6f76845,04/11/2021,06/11/2021,13/11/2021,
c6033fbe7bf81992,04/11/2021,05/11/2021,13/11/2021,
2739b51913392088,04/11/2021,06/11/2021,13/11/2021,
8651545494597182,04/11/2021,06/11/2021,13/11/2021,
3229edf2fa0107553,04/11/2021,07/11/2021,13/11/2021,
c65db3d4160192,05/11/2021,07/11/2021,13/11/2021,
032eafae3f01913,05/11/2021,08/11/2021,13/11/2021,
7afced2f61c16605,05/11/2021,06/11/2021,13/11/2021,
8a827d3529224428,05/11/2021,08/11/2021,13/11/2021,
8489951452737743,05/11/2021,07/11/2021,13/11/2021,
0773a26d74647902,05/11/2021,08/11/2021,13/11/2021,
abe5283413252833,05/11/2021,06/11/2021,13/11/2021,
9dfca2a1d8a61153,05/11/2021,06/11/2021,13/11/2021,
5877f78c43767688,05/11/2021,06/11/2021,13/11/2021,
cd08903f22971545,05/11/2021,07/11/2021,13/11/2021,
7d39517ded671764,05/11/2021,08/11/2021,13/11/2021,
c33b5605b5b73246,05/11/2021,07/11/2021,13/11/2021,
1dd444d64da78029,05/11/2021,07/11/2021,13/11/2021,
0c2db3ffeb2102605,05/11/2021,08/11/2021,13/11/2021,
95f7cdd08f0103045,05/11/2021,07/11/2021,13/11/2021,
e8ca36958e5104500,05/11/2021,08/11/2021,13/11/2021,
5486d7e5a13107693,05/11/2021,08/11/2021,13/11/2021,
4c8b6715e521476,06/11/2021,08/11/2021,13/11/2021,
6bd86dd20983206,06/11/2021,07/11/2021,13/11/2021,
b06c74a0e4412721,06/11/2021,07/11/2021,13/11/2021,
25e6e8de36f17642,06/11/2021,08/11/2021,13/11/2021,
60aa1145a0d25383,06/11/2021,09/11/2021,13/11/2021,
7d19f12da7625799,06/11/2021,08/11/2021,13/11/2021,
90bd261df1829925,06/11/2021,07/11/2021,13/11/2021,
aee7c4fcec433478,06/11/2021,08/11/2021,13/11/2021,
63123eb1aa542034,06/11/2021,09/11/2021,13/11/2021,
2be0017458445397,06/11/2021,07/11/2021,13/11/2021,
b139eae444c86567,06/11/2021,08/11/2021,13/11/2021,
cacca5a84f887503,06/11/2021,08/11/2021,13/11/2021,
0ab5dfe720d101176,06/11/2021,09/11/2021,13/11/2021,
1def472651e2299,07/11/2021,08/11/2021,13/11/2021,
123f7cb5e444322,07/11/2021,10/11/2021,13/11/2021,
2a54a6b76da6229,07/11/2021,09/11/2021,13/11/2021,
6d495aa1e6318096,07/11/2021,09/11/2021,13/11/2021,
c860347409721478,07/11/2021,08/11/2021,13/11/2021,
0f582ee862e27975,07/11/2021,08/11/2021,13/11/2021,
aad9bd0ba0430066,07/11/2021,08/11/2021,13/11/2021,
821b5aeb00c40386,07/11/2021,10/11/2021,13/11/2021,
a8e5b697ee340426,07/11/2021,09/11/2021,13/11/2021,
4f71d6e1fd240544,07/11/2021,08/11/2021,13/11/2021,
06b2417b5c248802,07/11/2021,09/11/2021,13/11/2021,
762d40e5d9648929,07/11/2021,08/11/2021,13/11/2021,
4b6e1b3f7a950746,07/11/2021,09/11/2021,13/11/2021,
7570bb6526372854,07/11/2021,08/11/2021,13/11/2021,
b271eb7329678832,07/11/2021,08/11/2021,13/11/2021,
09f7a41b87c88207,07/11/2021,09/11/2021,13/11/2021,
03bab21d60f95588,07/11/2021,08/11/2021,13/11/2021,
8de0dd2fa7298843,07/11/2021,10/11/2021,13/11/2021,
cff90ab6c48105657,07/11/2021,09/11/2021,13/11/2021,
15215ce2fc311365,08/11/2021,09/11/2021,13/11/2021,
88f0a8cbcc711883,08/11/2021,09/11/2021,13/11/2021,
2f53051981712995,08/11/2021,11/11/2021,13/11/2021,
6326a3514ba14478,08/11/2021,09/11/2021,13/11/2021,
20b6d5d0eb115266,08/11/2021,11/11/2021,13/11/2021,
68a4964253617790,08/11/2021,10/11/2021,13/11/2021,
af34fa06f3023339,08/11/2021,09/11/2021,13/11/2021,
7addb1686eb40928,08/11/2021,10/11/2021,13/11/2021,
d9a8177d83c41563,08/11/2021,11/11/2021,13/11/2021,
8609e1ae5b141716,08/11/2021,09/11/2021,13/11/2021,
acb6b847d4550578,08/11/2021,09/11/2021,13/11/2021,
2a7d77e4a5362322,08/11/2021,10/11/2021,13/11/2021,
b4bcbb8012474177,08/11/2021,11/11/2021,13/11/2021,
c10f2d37f8574286,08/11/2021,09/11/2021,13/11/2021,
019bbb92e0a79398,08/11/2021,09/11/2021,13/11/2021,
56f3b01833d82168,08/11/2021,11/11/2021,13/11/2021,
e35295e0e8c83778,08/11/2021,09/11/2021,13/11/2021,
ca07076d84b83836,08/11/2021,09/11/2021,13/11/2021,
d3cafb3e44e89058,08/11/2021,11/11/2021,13/11/2021,
e6d54a482fc93030,08/11/2021,09/11/2021,13/11/2021,
f109979c26597241,08/11/2021,11/11/2021,13/11/2021,
37f1bd381c1100708,08/11/2021,10/11/2021,13/11/2021,
8b3c58335e1101436,08/11/2021,09/11/2021,13/11/2021,
0ae370127f2101651,08/11/2021,10/11/2021,13/11/2021,
148043cdbff108063,08/11/2021,11/11/2021,13/11/2021,
c728e3bc8132281,17/07/2022,19/07/2022,27/07/2022,
483805ceffb25199,17/07/2022,19/07/2022,27/07/2022,
9c77047b12328852,17/07/2022,20/07/2022,27/07/2022,
8de79505b8755875,17/07/2022,18/07/2022,27/07/2022,
29cd8f37c3c67903,17/07/2022,19/07/2022,27/07/2022,
29cd8f37c3c67904,17/07/2022,19/07/2022,27/07/2022,
a2176f71b4a70136,17/07/2022,19/07/2022,27/07/2022,
b6a023ef0b994756,17/07/2022,20/07/2022,27/07/2022,
9d10c5fe1415474,18/07/2022,20/07/2022,27/07/2022,
9d10c5fe1415475,18/07/2022,20/07/2022,27/07/2022,
67287fdb9f88254,18/07/2022,20/07/2022,27/07/2022,
32229e61ab120839,18/07/2022,21/07/2022,27/07/2022,
32229e61ab120840,18/07/2022,21/07/2022,27/07/2022,
995a41b6ed632404,18/07/2022,19/07/2022,27/07/2022,
213629db05746886,18/07/2022,21/07/2022,27/07/2022,
c025151db2247341,18/07/2022,21/07/2022,27/07/2022,
9a9be90754a52311,18/07/2022,19/07/2022,27/07/2022,
1691670fe2f78789,18/07/2022,21/07/2022,27/07/2022,
1c8e5efcf1b80730,18/07/2022,20/07/2022,27/07/2022,
1c8e5efcf1b80731,18/07/2022,20/07/2022,27/07/2022,
afb59d0b37a1865,19/07/2022,20/07/2022,27/07/2022,
2d34dbdc5008799,19/07/2022,20/07/2022,27/07/2022,
a1d4ca0a13511894,19/07/2022,21/07/2022,27/07/2022,
a1d4ca0a13511895,19/07/2022,21/07/2022,27/07/2022,
030b2fb256d30847,19/07/2022,22/07/2022,27/07/2022,
030b2fb256d30848,19/07/2022,22/07/2022,27/07/2022,
128c3b7ad3645949,19/07/2022,22/07/2022,27/07/2022,
128c3b7ad3645950,19/07/2022,22/07/2022,27/07/2022,
a87a2863a2453244,19/07/2022,22/07/2022,27/07/2022,
ed5ad99756970756,19/07/2022,22/07/2022,27/07/2022,
18dfc177e4184408,19/07/2022,20/07/2022,27/07/2022,
22ea553eeb7105335,19/07/2022,21/07/2022,27/07/2022,
f34f0396b5a7871,20/07/2022,22/07/2022,27/07/2022,
a50e781a22a9963,20/07/2022,22/07/2022,27/07/2022,
a50e781a22a9964,20/07/2022,22/07/2022,27/07/2022,
64725340e7c28457,20/07/2022,21/07/2022,27/07/2022,
db7e22a498b32609,20/07/2022,21/07/2022,27/07/2022,
ae851b783a738777,20/07/2022,21/07/2022,27/07/2022,
5afd425652842051,20/07/2022,22/07/2022,27/07/2022,
01b9ab48abb44850,20/07/2022,21/07/2022,27/07/2022,
90130ae241e53135,20/07/2022,23/07/2022,27/07/2022,
7c1710ca16853736,20/07/2022,23/07/2022,27/07/2022,
3ddef34309f54285,20/07/2022,21/07/2022,27/07/2022,
876e59015db74679,20/07/2022,21/07/2022,27/07/2022,
e6b10dad96c80268,20/07/2022,23/07/2022,27/07/2022,
9d1e081b1ec94156,20/07/2022,21/07/2022,27/07/2022,
8b57100b5b7101477,20/07/2022,21/07/2022,27/07/2022,
c0a6e76c8bd1593,21/07/2022,22/07/2022,27/07/2022,
695ae7e2f514610,21/07/2022,24/07/2022,27/07/2022,
33fe0ae1bc37169,21/07/2022,22/07/2022,27/07/2022,
ee9196f41f09109,21/07/2022,22/07/2022,27/07/2022,
aab596b76e314017,21/07/2022,22/07/2022,27/07/2022,
aab596b76e314018,21/07/2022,22/07/2022,27/07/2022,
da2d8a1cf8123580,21/07/2022,24/07/2022,27/07/2022,
006e246426425969,21/07/2022,23/07/2022,27/07/2022,
97cd4a79c0e36756,21/07/2022,24/07/2022,27/07/2022,
b309b50160c37682,21/07/2022,24/07/2022,27/07/2022,
19c3e17806260259,21/07/2022,24/07/2022,27/07/2022,
89d33702ab466613,21/07/2022,22/07/2022,27/07/2022,
9f336fd625567514,21/07/2022,24/07/2022,27/07/2022,
5560c47e1af83745,21/07/2022,22/07/2022,27/07/2022,
795fc94367a92343,21/07/2022,24/07/2022,27/07/2022,
57d99b4719912418,22/07/2022,24/07/2022,27/07/2022,
4060841978f16515,22/07/2022,23/07/2022,27/07/2022,
350208b87ad23660,22/07/2022,25/07/2022,27/07/2022,
350208b87ad23661,22/07/2022,25/07/2022,27/07/2022,
66ab5fff90930963,22/07/2022,24/07/2022,27/07/2022,
9d306b19a3e38542,22/07/2022,23/07/2022,27/07/2022,
9d306b19a3e38543,22/07/2022,23/07/2022,27/07/2022,
73f95b1e75551771,22/07/2022,23/07/2022,27/07/2022,
42dac88535776169,22/07/2022,23/07/2022,27/07/2022,
42dac88535776170,22/07/2022,23/07/2022,27/07/2022,
b8a1c6a6fc181127,22/07/2022,24/07/2022,27/07/2022,
bebfb71536a93582,22/07/2022,24/07/2022,27/07/2022,
7dc53699e6b23176,15/01/2019,17/01/2019,25/01/2019,
06be06669ca35581,15/01/2019,16/01/2019,25/01/2019,
06be06669ca35582,15/01/2019,16/01/2019,25/01/2019,
a6e99f590b755321,15/01/2019,17/01/2019,25/01/2019,
f69fa15efca101978,15/01/2019,16/01/2019,25/01/2019,
79cc34e4c674658,16/01/2019,18/01/2019,25/01/2019,
204286b181221657,16/01/2019,17/01/2019,25/01/2019,
a5109f8299b38587,16/01/2019,18/01/2019,25/01/2019,
a5109f8299b38588,16/01/2019,18/01/2019,25/01/2019,
3747965c93c54719,16/01/2019,19/01/2019,25/01/2019,
9ed4d101dca60311,16/01/2019,18/01/2019,25/01/2019,
9ed4d101dca60312,16/01/2019,18/01/2019,25/01/2019,
a0faf8647d4104370,16/01/2019,19/01/2019,25/01/2019,
f7c1d97ca2421071,17/01/2019,19/01/2019,25/01/2019,
a728888fe2b24382,17/01/2019,18/01/2019,25/01/2019,28/02/2021
4792ff719d233759,17/01/2019,19/01/2019,25/01/2019,
4792ff719d233760,17/01/2019,19/01/2019,25/01/2019,
8d6e2d739ef35920,17/01/2019,19/01/2019,25/01/2019,13/12/2020
ba6dd511fd242324,17/01/2019,18/01/2019,25/01/2019,
b6b5a6ef1c768110,17/01/2019,20/01/2019,25/01/2019,
545b56e3bc987457,17/01/2019,18/01/2019,25/01/2019,
7ea2622513794715,17/01/2019,20/01/2019,25/01/2019,
280a716f55c102571,17/01/2019,19/01/2019,25/01/2019,
280a716f55c102572,17/01/2019,19/01/2019,25/01/2019,
d350b7332ef4769,18/01/2019,21/01/2019,25/01/2019,
d350b7332ef4770,18/01/2019,21/01/2019,25/01/2019,
ac45df3a17f12973,18/01/2019,21/01/2019,25/01/2019,
ac45df3a17f12974,18/01/2019,21/01/2019,25/01/2019,
69987e95dee19440,18/01/2019,21/01/2019,25/01/2019,
5f49e754f0456546,18/01/2019,19/01/2019,25/01/2019,
03d7c25de7556796,18/01/2019,21/01/2019,25/01/2019,
9c0dc698ccd84063,18/01/2019,19/01/2019,25/01/2019,
de5e4d0abdd89378,18/01/2019,19/01/2019,25/01/2019,
d706e576a1e93518,18/01/2019,20/01/2019,25/01/2019,
d706e576a1e93519,18/01/2019,20/01/2019,25/01/2019,
71eca1278e699956,18/01/2019,21/01/2019,25/01/2019,
e20edb914cc15951,19/01/2019,21/01/2019,25/01/2019,
ebfea5f0a1022909,19/01/2019,21/01/2019,25/01/2019,
bf5cfba622c27491,19/01/2019,21/01/2019,25/01/2019,
bf5cfba622c27492,19/01/2019,21/01/2019,25/01/2019,